{
    "criteria": {
        "requirement": {
            "trigger": "minecraft:using_item",
            "conditions": {
                "player": {
                    "equipment": {
                        "offhand": {
                            "items": "#rbp:valid_container",
                            "predicates": {
                                "custom_data": "{chestpack:1}"
                            }
                        }
                    }
                }
            }
        }
    },
    "rewards": {
        "function": "rbp:icd/begin"
    }
}