{
	"credit": "Made with Blockbench",
	"textures": {
		"4": "rbp:block/backpack_2",
		"5": "rbp:block/backback_front",
		"6": "rbp:block/backback_left",
		"7": "rbp:block/backback_right",
		"8": "rbp:block/chest_front",
		"10": "rbp:block/chest_side",
		"11": "rbp:block/chest_top"
	},
	"elements": [
		{
			"from": [-0.01, -0.01, -1.01],
			"to": [16.01, 14.01, 0.01],
			"rotation": {"angle": 0, "axis": "y", "origin": [0, 0, -1]},
			"faces": {
				"north": {"uv": [0.88889, 3.55556, 15.11111, 16], "texture": "#4"},
				"east": {"uv": [0.88889, 3.55556, 2, 16], "texture": "#4"},
				"south": {"uv": [0.88889, 3.55556, 15.11111, 16], "texture": "#4"},
				"west": {"uv": [0.88889, 3.55556, 2, 16], "texture": "#4"},
				"up": {"uv": [0.88889, 0, 15.11111, 1.11111], "texture": "#4"},
				"down": {"uv": [0.88889, 0, 15.11111, 1.11111], "texture": "#4"}
			}
		},
		{
			"from": [11, 5, -3],
			"to": [15, 15, -1],
			"rotation": {"angle": 0, "axis": "y", "origin": [11, 5, -3]},
			"faces": {
				"north": {"uv": [11.55556, 6.22222, 15.11111, 15.11111], "texture": "#4"},
				"east": {"uv": [14.22222, 0, 16, 8.88889], "texture": "#4"},
				"south": {"uv": [4.44444, 1.77778, 8, 10.66667], "texture": "#4"},
				"west": {"uv": [13.33333, 0, 15.11111, 8.88889], "texture": "#4"},
				"up": {"uv": [0, 0, 4, 2], "texture": "#4"},
				"down": {"uv": [6.22222, 14.22222, 9.77778, 16], "texture": "#4"}
			}
		},
		{
			"from": [1, 5, -3],
			"to": [5, 15, -1],
			"rotation": {"angle": 0, "axis": "y", "origin": [1, 5, -3]},
			"faces": {
				"north": {"uv": [0, 1.77778, 3.55556, 10.66667], "texture": "#4"},
				"east": {"uv": [14.22222, 0, 16, 8.88889], "texture": "#4"},
				"south": {"uv": [4.44444, 1.77778, 8, 10.66667], "texture": "#4"},
				"west": {"uv": [13.33333, 0, 15.11111, 8.88889], "texture": "#4"},
				"up": {"uv": [0, 0, 4, 2], "texture": "#4"},
				"down": {"uv": [6.22222, 14.22222, 9.77778, 16], "texture": "#4"}
			}
		},
		{
			"name": "tray",
			"from": [0, 0, -1],
			"to": [16, 16, 15],
			"rotation": {"angle": 0, "axis": "y", "origin": [0, 0, -1]},
			"faces": {
				"east": {"uv": [0.88889, 1.77778, 15.11111, 16], "texture": "#6"},
				"south": {"uv": [0.88889, 1.77778, 15.11111, 16], "texture": "#5"},
				"west": {"uv": [0.88889, 1.77778, 15.11111, 16], "texture": "#7"},
				"down": {"uv": [0.88889, 0.88889, 15.11111, 15.11111], "texture": "#4"}
			}
		},
		{
			"from": [0, 6, -1],
			"to": [16, 6, 15],
			"rotation": {"angle": 0, "axis": "y", "origin": [0, 7, -1]},
			"faces": {
				"north": {"uv": [0, 0, 16, 0], "texture": "#missing"},
				"east": {"uv": [0, 0, 16, 0], "texture": "#missing"},
				"south": {"uv": [0, 0, 16, 0], "texture": "#missing"},
				"west": {"uv": [0, 0, 16, 0], "texture": "#missing"},
				"up": {"uv": [0.88889, 0.88889, 15.11111, 15.11111], "texture": "#4"},
				"down": {"uv": [0, 0, 16, 16], "texture": "#missing"}
			}
		},
		{
			"from": [1, 1, 0],
			"to": [15, 15, 14],
			"rotation": {"angle": 0, "axis": "y", "origin": [1, 1, 0]},
			"faces": {
				"north": {"uv": [0, 0, 16, 16], "texture": "#10"},
				"east": {"uv": [0, 0, 16, 16], "texture": "#10"},
				"south": {"uv": [0, 0, 16, 16], "texture": "#8"},
				"west": {"uv": [0, 0, 16, 16], "texture": "#10"},
				"up": {"uv": [0, 0, 16, 16], "texture": "#11"},
				"down": {"uv": [0, 0, 16, 16], "texture": "#11"}
			}
		},
		{
			"from": [7, 8, 14],
			"to": [9, 12, 15],
			"rotation": {"angle": 0, "axis": "y", "origin": [7, 8, 14]},
			"faces": {
				"north": {"uv": [0, 0, 2, 4], "texture": "#missing"},
				"east": {"uv": [8, 3.42857, 9.14286, 8], "texture": "#8"},
				"south": {"uv": [6.85714, 3.42857, 9.14286, 8], "texture": "#8"},
				"west": {"uv": [8, 3.42857, 9.14286, 8], "texture": "#8"},
				"up": {"uv": [6.85714, 3.42857, 9.14286, 4.57143], "texture": "#8"},
				"down": {"uv": [6.85714, 6.85714, 9.14286, 8], "texture": "#8"}
			}
		}
	],
	"display": {
		"thirdperson_righthand": {
			"rotation": [90, -135, 0],
			"translation": [-0.75, 2.25, -0.25],
			"scale": [0.4, 0.4, 0.4]
		},
		"thirdperson_lefthand": {
			"rotation": [75, 0, -3],
			"translation": [-5.5, -11.5, 10.75],
			"scale": [0.75, 0.75, 0.75]
		},
		"firstperson_righthand": {
			"rotation": [0, -180, 0],
			"translation": [0, 1.75, 0],
			"scale": [0.5, 0.5, 0.5]
		},
		"firstperson_lefthand": {
			"translation": [80, 0, 0]
		},
		"ground": {
			"translation": [0, 1, 0],
			"scale": [0.5, 0.5, 0.5]
		},
		"head": {
			"rotation": [0, 180, 0]
		}
	}
}