{
  "type": "minecraft:crafting_shaped",
  "category": "equipment",
  "pattern": [
    "ls",
    "ap"
  ],
  "key": {
    "l": "minecraft:leather",
    "s": "minecraft:string",
    "a": "minecraft:saddle",
    "p": "#minecraft:planks"
  },
  "result": {
    "id": "minecraft:music_disc_11",
    "components": {
      "minecraft:item_model": "rbp:backpack_empty",
      "!minecraft:jukebox_playable": {},
      "minecraft:max_stack_size": 1,
      "minecraft:rarity": "common",
      "minecraft:enchantments":{"rbp:chestpack":1},
      "minecraft:tooltip_display":{"hidden_components":["enchantments"]},
      "minecraft:enchantment_glint_override": false,
      "minecraft:repair_cost": 2147483647,
      "minecraft:custom_data": {
        "chestpack": 1
      },
      "minecraft:item_name": [{"text":"Chestpack (empty)","italic":false,"color":"yellow"}],
      "minecraft:lore": [
        [{"text":"- Press ","italic":false,"color":"#999999"},{"keybind":"key.attack","color":"#FFFFFF","italic":false,"bold":false},{"text":" on a chest or barrel","italic":false,"color":"#999999"}],[{"text":"   to pick it up.","italic":false,"color":"#999999"}]
      ],
      "minecraft:damage_resistant": {
        "types": "#minecraft:is_fire"
      }
    }
  }
}